old_name	name	reason
AllocNodeFromFreeList	gwNodeNew	Recoil-confirmed leaf spelling from diagnostic string and referring function; current scope retained.
AppendBrowseRecordStatus3022_3025	AppendBrowseRecordStatus3022To3025	Inferred status-reporting role; To preserves the explicit numeric range instead of joining its endpoints.
AppendConnectStatus301E_3021	AppendConnectStatus301ETo3021	Inferred status-reporting role; To preserves the explicit numeric range instead of joining its endpoints.
AppendValueStatus302B_302C	AppendValueStatus302BTo302C	Inferred status-reporting role; To preserves the explicit numeric range instead of joining its endpoints.
ApplyPkt06_PlayerStateSnapshotToRow	ApplyPkt06PlayerStateSnapshotToRow	Inferred family spelling: retain behavior and subsystem words, remove unevidenced separator underscores.
BindGroupList_AddCommandToGroup	BindGroupListAddCommandToGroup	Inferred family spelling: retain behavior and subsystem words, remove unevidenced separator underscores.
BindGroupList_AddGroup	BindGroupListAddGroup	Inferred family spelling: retain behavior and subsystem words, remove unevidenced separator underscores.
BindGroupList_Clear	BindGroupListClear	Inferred family spelling: retain behavior and subsystem words, remove unevidenced separator underscores.
BindGroupList_GetCount	BindGroupListGetCount	Inferred family spelling: retain behavior and subsystem words, remove unevidenced separator underscores.
BindGroupList_GetGroupCommandCount	BindGroupListGetGroupCommandCount	Inferred family spelling: retain behavior and subsystem words, remove unevidenced separator underscores.
BindGroupList_GetGroupCommandId	BindGroupListGetGroupCommandId	Inferred family spelling: retain behavior and subsystem words, remove unevidenced separator underscores.
BindGroupList_GetGroupTitle	BindGroupListGetGroupTitle	Inferred family spelling: retain behavior and subsystem words, remove unevidenced separator underscores.
BindMapContext_Pop	BindMapContextPop	Inferred family spelling: retain behavior and subsystem words, remove unevidenced separator underscores.
BindMapContext_Push	BindMapContextPush	Inferred family spelling: retain behavior and subsystem words, remove unevidenced separator underscores.
BindMapCurrent_CopyCommandLabel	BindMapCurrentCopyCommandLabel	Inferred family spelling: retain behavior and subsystem words, remove unevidenced separator underscores.
BindMapCurrent_CopyJoystickButtonName	BindMapCurrentCopyJoystickButtonName	Inferred family spelling: retain behavior and subsystem words, remove unevidenced separator underscores.
BindMapCurrent_CopyMouseButtonName	BindMapCurrentCopyMouseButtonName	Inferred family spelling: retain behavior and subsystem words, remove unevidenced separator underscores.
BindMapCurrent_FormatKeyComboName	BindMapCurrentFormatKeyComboName	Inferred family spelling: retain behavior and subsystem words, remove unevidenced separator underscores.
BindMapCurrent_GetCommandByJoystickSlot	BindMapCurrentGetCommandByJoystickSlot	Inferred family spelling: retain behavior and subsystem words, remove unevidenced separator underscores.
BindMapCurrent_GetCommandByMouseSlot	BindMapCurrentGetCommandByMouseSlot	Inferred family spelling: retain behavior and subsystem words, remove unevidenced separator underscores.
BindMapCurrent_GetCommandByPrimaryKey	BindMapCurrentGetCommandByPrimaryKey	Inferred family spelling: retain behavior and subsystem words, remove unevidenced separator underscores.
BindMapCurrent_GetCommandBySecondaryKey	BindMapCurrentGetCommandBySecondaryKey	Inferred family spelling: retain behavior and subsystem words, remove unevidenced separator underscores.
BindMapCurrent_GetJoystickButtonSlot	BindMapCurrentGetJoystickButtonSlot	Inferred family spelling: retain behavior and subsystem words, remove unevidenced separator underscores.
BindMapCurrent_GetMouseButtonSlot	BindMapCurrentGetMouseButtonSlot	Inferred family spelling: retain behavior and subsystem words, remove unevidenced separator underscores.
BindMapCurrent_GetPrimaryKeyboardKey	BindMapCurrentGetPrimaryKeyboardKey	Inferred family spelling: retain behavior and subsystem words, remove unevidenced separator underscores.
BindMapCurrent_GetSecondaryKeyboardKey	BindMapCurrentGetSecondaryKeyboardKey	Inferred family spelling: retain behavior and subsystem words, remove unevidenced separator underscores.
BindMapCurrent_ResetAllBindings	BindMapCurrentResetAllBindings	Inferred family spelling: retain behavior and subsystem words, remove unevidenced separator underscores.
BindMapCurrent_SetJoystickBinding	BindMapCurrentSetJoystickBinding	Inferred family spelling: retain behavior and subsystem words, remove unevidenced separator underscores.
BindMapCurrent_SetMouseBinding	BindMapCurrentSetMouseBinding	Inferred family spelling: retain behavior and subsystem words, remove unevidenced separator underscores.
BindMapCurrent_SetPrimaryKeyBinding	BindMapCurrentSetPrimaryKeyBinding	Inferred family spelling: retain behavior and subsystem words, remove unevidenced separator underscores.
BindMapCurrent_SetSecondaryKeyBinding	BindMapCurrentSetSecondaryKeyBinding	Inferred family spelling: retain behavior and subsystem words, remove unevidenced separator underscores.
BindMapOverlay_DeleteNodeList	BindMapOverlayDeleteNodeList	Inferred family spelling: retain behavior and subsystem words, remove unevidenced separator underscores.
BindMapOverlay_DetachHead	BindMapOverlayDetachHead	Inferred family spelling: retain behavior and subsystem words, remove unevidenced separator underscores.
BindMapSystem_Init	BindMapSystemInit	Inferred family spelling: retain behavior and subsystem words, remove unevidenced separator underscores.
BindMapSystem_Shutdown	BindMapSystemShutdown	Inferred family spelling: retain behavior and subsystem words, remove unevidenced separator underscores.
BindMap_AddDefaultBinding	BindMapAddDefaultBinding	Inferred family spelling: retain behavior and subsystem words, remove unevidenced separator underscores.
BindMap_CopyJoystickButtonName	BindMapCopyJoystickButtonName	Inferred family spelling: retain behavior and subsystem words, remove unevidenced separator underscores.
BindMap_CopyMouseButtonName	BindMapCopyMouseButtonName	Inferred family spelling: retain behavior and subsystem words, remove unevidenced separator underscores.
BindMap_Current_ReadCommandInputState	BindMapCurrentReadCommandInputState	Inferred family spelling: retain behavior and subsystem words, remove unevidenced separator underscores.
BindMap_Current_RebuildLookupIndices	BindMapCurrentRebuildLookupIndices	Inferred family spelling: retain behavior and subsystem words, remove unevidenced separator underscores.
BindMap_Current_SetBindingRecord	BindMapCurrentSetBindingRecord	Inferred family spelling: retain behavior and subsystem words, remove unevidenced separator underscores.
BindMap_Current_SetCommandCallback	BindMapCurrentSetCommandCallback	Inferred family spelling: retain behavior and subsystem words, remove unevidenced separator underscores.
BindMap_FormatKeyComboName	BindMapFormatKeyComboName	Inferred family spelling: retain behavior and subsystem words, remove unevidenced separator underscores.
BindMap_GetCommandHint	BindMapGetCommandHint	Inferred family spelling: retain behavior and subsystem words, remove unevidenced separator underscores.
BindMap_GetCommandLabel	BindMapGetCommandLabel	Inferred family spelling: retain behavior and subsystem words, remove unevidenced separator underscores.
BindMap_InitDefaultBindings	BindMapInitDefaultBindings	Inferred family spelling: retain behavior and subsystem words, remove unevidenced separator underscores.
BindMap_InitDikKeyNameTable	BindMapInitDikKeyNameTable	Inferred family spelling: retain behavior and subsystem words, remove unevidenced separator underscores.
BindMap_InitJoystickButtonNameTable	BindMapInitJoystickButtonNameTable	Inferred family spelling: retain behavior and subsystem words, remove unevidenced separator underscores.
BindMap_InitMouseButtonNameTable	BindMapInitMouseButtonNameTable	Inferred family spelling: retain behavior and subsystem words, remove unevidenced separator underscores.
BindMap_PackBindingCode	BindMapPackBindingCode	Inferred family spelling: retain behavior and subsystem words, remove unevidenced separator underscores.
Briefing_ActionQueue	CBriefingActionQueue	Inferred class spelling: constructor/virtual evidence and documented class-prefix default; preserve class model.
BuildNodeToAncestorMatrix	gwNodeBuildNodeToAncestorMatrix	Recoil-confirmed leaf spelling from diagnostic string and referring function; current scope retained.
CachedDirectSound_GetCaps	CachedDirectSoundGetCaps	Inferred family spelling: retain behavior and subsystem words, remove unevidenced separator underscores.
CameraSection_SetActiveCamera	CameraSectionSetActiveCamera	Inferred family spelling: retain behavior and subsystem words, remove unevidenced separator underscores.
Command_ShowObjectivePickupInfo	CommandShowObjectivePickupInfo	Inferred family spelling: retain behavior and subsystem words, remove unevidenced separator underscores.
Command_ToggleObjectivePanel	CommandToggleObjectivePanel	Inferred family spelling: retain behavior and subsystem words, remove unevidenced separator underscores.
ConnectionPointContainer_Advise	ConnectionPointContainerAdvise	Inferred family spelling: retain behavior and subsystem words, remove unevidenced separator underscores.
ConnectionPointContainer_Unadvise	ConnectionPointContainerUnadvise	Inferred family spelling: retain behavior and subsystem words, remove unevidenced separator underscores.
Convexify	convexify	Recoil-confirmed leaf spelling from diagnostic string and referring function; current scope retained.
CopyAnimateNode_Unimplemented	CopyAnimateNode	Inferred from observed role and existing naming family; preserve code structure and ABI.
CopyLightNode_Unimplemented	CopyLightNode	Inferred from observed role and existing naming family; preserve code structure and ABI.
CopySequenceNode_Unimplemented	CopySequenceNode	Inferred from observed role and existing naming family; preserve code structure and ABI.
CopySoundNode_Unimplemented	CopySoundNode	Inferred from observed role and existing naming family; preserve code structure and ABI.
CopySwitchNode_Stub	CopySwitchNode	Inferred from observed role and existing naming family; preserve code structure and ABI.
DI_AcquireJoystickDevice	DIAcquireJoystickDevice	Inferred family spelling: retain behavior and subsystem words, remove unevidenced separator underscores.
DI_AddJoystickRef	DIAddJoystickRef	Inferred family spelling: retain behavior and subsystem words, remove unevidenced separator underscores.
DI_ApplyAxisConfig	DIApplyAxisConfig	Inferred family spelling: retain behavior and subsystem words, remove unevidenced separator underscores.
DI_EnumDevicesCallback_SelectFirstJoystick	DIEnumDevicesCallbackSelectFirstJoystick	Inferred family spelling: retain behavior and subsystem words, remove unevidenced separator underscores.
DI_GetAxisRange	DIGetAxisRange	Inferred family spelling: retain behavior and subsystem words, remove unevidenced separator underscores.
DI_GetButtonTransitionState	DIGetButtonTransitionState	Inferred family spelling: retain behavior and subsystem words, remove unevidenced separator underscores.
DI_GetCurrentState	DIGetCurrentState	Inferred family spelling: retain behavior and subsystem words, remove unevidenced separator underscores.
DI_GetJoystickRefCount	DIGetJoystickRefCount	Inferred family spelling: retain behavior and subsystem words, remove unevidenced separator underscores.
DI_InitJoystickDevice	DIInitJoystickDevice	Inferred family spelling: retain behavior and subsystem words, remove unevidenced separator underscores.
DI_IsJoystickDeviceReady	DIIsJoystickDeviceReady	Inferred family spelling: retain behavior and subsystem words, remove unevidenced separator underscores.
DI_PollJoystickState	DIPollJoystickState	Inferred family spelling: retain behavior and subsystem words, remove unevidenced separator underscores.
DI_ReleaseJoystickRef	DIReleaseJoystickRef	Inferred family spelling: retain behavior and subsystem words, remove unevidenced separator underscores.
DI_ReportError	DIReportError	Inferred family spelling: retain behavior and subsystem words, remove unevidenced separator underscores.
DI_ResetTransitionState	DIResetTransitionState	Inferred family spelling: retain behavior and subsystem words, remove unevidenced separator underscores.
DI_SetAxisDeadzone	DISetAxisDeadzone	Inferred family spelling: retain behavior and subsystem words, remove unevidenced separator underscores.
DI_SetAxisRange	DISetAxisRange	Inferred family spelling: retain behavior and subsystem words, remove unevidenced separator underscores.
DI_SetJoystickEnabled	DISetJoystickEnabled	Inferred family spelling: retain behavior and subsystem words, remove unevidenced separator underscores.
DI_WaitForButtonPress	DIWaitForButtonPress	Inferred family spelling: retain behavior and subsystem words, remove unevidenced separator underscores.
DefaultDispatchHook	HandleScrollDisable	Observed interpreter behavior/callers contradict prior placeholder; name corrected without changing implementation.
Dispatch_LockDisplayModeSurfaceState	DispatchLockDisplayModeSurfaceState	Inferred family spelling: retain behavior and subsystem words, remove unevidenced separator underscores.
Dispatch_UnlockDisplayModeSurfaceState	DispatchUnlockDisplayModeSurfaceState	Inferred family spelling: retain behavior and subsystem words, remove unevidenced separator underscores.
Dispatch_UnlockPrimarySurfaceState	DispatchUnlockPrimarySurfaceState	Inferred family spelling: retain behavior and subsystem words, remove unevidenced separator underscores.
Dispatch_UnlockSwSurfaceState	DispatchUnlockSwSurfaceState	Inferred family spelling: retain behavior and subsystem words, remove unevidenced separator underscores.
DisplaySection_SetBitsPerPixel	DisplaySectionSetBitsPerPixel	Inferred family spelling: retain behavior and subsystem words, remove unevidenced separator underscores.
DisplaySection_SetPosition	DisplaySectionSetPosition	Inferred family spelling: retain behavior and subsystem words, remove unevidenced separator underscores.
DisplaySection_SetSize	DisplaySectionSetSize	Inferred family spelling: retain behavior and subsystem words, remove unevidenced separator underscores.
DisplaySection_SetTargetDisplay	DisplaySectionSetTargetDisplay	Inferred family spelling: retain behavior and subsystem words, remove unevidenced separator underscores.
EnumConnectionsCallback_AddServiceProviderInfo	EnumConnectionsCallbackAddServiceProviderInfo	Inferred family spelling: retain behavior and subsystem words, remove unevidenced separator underscores.
EnumPlayerCallback_AddPlayerRecord	EnumPlayerCallbackAddPlayerRecord	Inferred family spelling: retain behavior and subsystem words, remove unevidenced separator underscores.
EnumSessionCallback_AddSessionDescCache	EnumSessionCallbackAddSessionDescCache	Inferred family spelling: retain behavior and subsystem words, remove unevidenced separator underscores.
FilterRegions_TryAppendNode	FilterRegionsTryAppendNode	Inferred family spelling: retain behavior and subsystem words, remove unevidenced separator underscores.
FindNextByTypePrefix_Predicate	FindNextByTypePrefixPredicate	Inferred family spelling: retain behavior and subsystem words, remove unevidenced separator underscores.
FogColor_SetRgb01Clamped	FogColorSetRgb01Clamped	Inferred family spelling: retain behavior and subsystem words, remove unevidenced separator underscores.
FogTarget565_SetPackedColorAndRamp	FogTarget565SetPackedColorAndRamp	Inferred family spelling: retain behavior and subsystem words, remove unevidenced separator underscores.
FxPass3_ApplyToCurrentSurface	FxPass3ApplyToCurrentSurface	Inferred family spelling: retain behavior and subsystem words, remove unevidenced separator underscores.
FxPass3_CopySurfacePixelToScratchClipped	FxPass3CopySurfacePixelToScratchClipped	Inferred family spelling: retain behavior and subsystem words, remove unevidenced separator underscores.
FxPass3_QueueElementLocal	FxPass3QueueElementLocal	Inferred family spelling: retain behavior and subsystem words, remove unevidenced separator underscores.
FxPass3_QueuePrimitive	FxPass3QueuePrimitive	Inferred family spelling: retain behavior and subsystem words, remove unevidenced separator underscores.
FxPass3_SetInputRectByIndex	FxPass3SetInputRectByIndex	Inferred family spelling: retain behavior and subsystem words, remove unevidenced separator underscores.
FxPass3_SetPrimaryElementParamsLocal	FxPass3SetPrimaryElementParamsLocal	Inferred family spelling: retain behavior and subsystem words, remove unevidenced separator underscores.
FxPass3_UpdateLocal	FxPass3UpdateLocal	Inferred family spelling: retain behavior and subsystem words, remove unevidenced separator underscores.
Fx_SetSurfaceState	FxSetSurfaceState	Inferred family spelling: retain behavior and subsystem words, remove unevidenced separator underscores.
GetAcceptedHardwareRendererCount_Cached	GetAcceptedHardwareRendererCountCached	Inferred family spelling: retain behavior and subsystem words, remove unevidenced separator underscores.
GetByIndex_Pure	GetByIndexPure	Inferred family spelling: retain behavior and subsystem words, remove unevidenced separator underscores.
GlobalStringTable_ReleaseDynamicEntries	GlobalStringTableReleaseDynamicEntries	Inferred family spelling: retain behavior and subsystem words, remove unevidenced separator underscores.
HandlePkt03_RemoveRemotePlayer	HandlePkt03RemoveRemotePlayer	Inferred family spelling: retain behavior and subsystem words, remove unevidenced separator underscores.
HandlePkt06_PlayerStateSnapshot	HandlePkt06PlayerStateSnapshot	Inferred family spelling: retain behavior and subsystem words, remove unevidenced separator underscores.
HandlePkt08_PlayerKillEvent	HandlePkt08PlayerKillEvent	Inferred family spelling: retain behavior and subsystem words, remove unevidenced separator underscores.
HandlePkt09_PlayerScoreboardSnapshot	HandlePkt09PlayerScoreboardSnapshot	Inferred family spelling: retain behavior and subsystem words, remove unevidenced separator underscores.
HandlePkt0A_RemoveRuntimeRelay	HandlePkt0ARemoveRuntimeRelay	Inferred family spelling: retain behavior and subsystem words, remove unevidenced separator underscores.
HandlePkt0B_ChatMessage	HandlePkt0BChatMessage	Inferred family spelling: retain behavior and subsystem words, remove unevidenced separator underscores.
HandlePkt0C_HudTimerStatusBits	HandlePkt0CHudTimerStatusBits	Inferred family spelling: retain behavior and subsystem words, remove unevidenced separator underscores.
HandlePkt0D_HudTimerPanelState	HandlePkt0DHudTimerPanelState	Inferred family spelling: retain behavior and subsystem words, remove unevidenced separator underscores.
HandlePkt0E_PlayerLapProgress	HandlePkt0EPlayerLapProgress	Inferred family spelling: retain behavior and subsystem words, remove unevidenced separator underscores.
HandlePkt11_SpawnDelta	HandlePkt11SpawnDelta	Inferred family spelling: retain behavior and subsystem words, remove unevidenced separator underscores.
HandlePkt12_AirdropSpawnChuteRelay	HandlePkt12AirdropSpawnChuteRelay	Inferred family spelling: retain behavior and subsystem words, remove unevidenced separator underscores.
HandlePkt13_EffectAnimActivationRecord	HandlePkt13EffectAnimActivationRecord	Inferred family spelling: retain behavior and subsystem words, remove unevidenced separator underscores.
HandlePkt14_HudTimerAndFlagsSync	HandlePkt14HudTimerAndFlagsSync	Inferred family spelling: retain behavior and subsystem words, remove unevidenced separator underscores.
HitCallback_RecordContextAndTimedStatus	HitCallbackRecordContextAndTimedStatus	Inferred family spelling: retain behavior and subsystem words, remove unevidenced separator underscores.
HitCallback_RecordNetContextAndTimedStatus	HitCallbackRecordNetContextAndTimedStatus	Inferred family spelling: retain behavior and subsystem words, remove unevidenced separator underscores.
HostSendPkt0F_CraterFeature	HostSendPkt0FCraterFeature	Inferred family spelling: retain behavior and subsystem words, remove unevidenced separator underscores.
HostSendPkt10_QSandFeature	HostSendPkt10QSandFeature	Inferred family spelling: retain behavior and subsystem words, remove unevidenced separator underscores.
HudUiControlsDialog_ResumeWidget	CHudUiControlsDialogResumeWidget	Inferred class spelling: constructor/virtual evidence and documented class-prefix default; preserve class model.
HudUiMainMenuDialog_ControlsButton	CHudUiMainMenuDialogControlsButton	Inferred class spelling: constructor/virtual evidence and documented class-prefix default; preserve class model.
HudUiMainMenuDialog_CreditsButton	CHudUiMainMenuDialogCreditsButton	Inferred class spelling: constructor/virtual evidence and documented class-prefix default; preserve class model.
HudUiMainMenuDialog_LoadButton	CHudUiMainMenuDialogLoadButton	Inferred class spelling: constructor/virtual evidence and documented class-prefix default; preserve class model.
HudUiMainMenuDialog_NewGameButton	CHudUiMainMenuDialogNewGameButton	Inferred class spelling: constructor/virtual evidence and documented class-prefix default; preserve class model.
HudUiMainMenuDialog_OptionsButton	CHudUiMainMenuDialogOptionsButton	Inferred class spelling: constructor/virtual evidence and documented class-prefix default; preserve class model.
HudUiMainMenuDialog_QuitButton	CHudUiMainMenuDialogQuitButton	Inferred class spelling: constructor/virtual evidence and documented class-prefix default; preserve class model.
HudUiMainMenuDialog_SaveButton	CHudUiMainMenuDialogSaveButton	Inferred class spelling: constructor/virtual evidence and documented class-prefix default; preserve class model.
HudUiMgrObjective_DrawSensorNoise	HudUiMgrObjectiveDrawSensorNoise	Inferred family spelling: retain behavior and subsystem words, remove unevidenced separator underscores.
HudUiMgrObjective_SetSlidePosition	HudUiMgrObjectiveSetSlidePosition	Inferred family spelling: retain behavior and subsystem words, remove unevidenced separator underscores.
HudUiMgrObjective_UpdateHwDirtyRectIfNeeded	HudUiMgrObjectiveUpdateHwDirtyRectIfNeeded	Inferred family spelling: retain behavior and subsystem words, remove unevidenced separator underscores.
HudUiMgrObjective_UpdateWidgetRightX	HudUiMgrObjectiveUpdateWidgetRightX	Inferred family spelling: retain behavior and subsystem words, remove unevidenced separator underscores.
HudUiMpExitDialog_ExitButton	CHudUiMpExitDialogExitButton	Inferred class spelling: constructor/virtual evidence and documented class-prefix default; preserve class model.
HudUiMpExitDialog_NewGameButton	CHudUiMpExitDialogNewGameButton	Inferred class spelling: constructor/virtual evidence and documented class-prefix default; preserve class model.
HudUiNetExitPanel_ResumeWidget	CHudUiNetExitPanelResumeWidget	Inferred class spelling: constructor/virtual evidence and documented class-prefix default; preserve class model.
HudUiNetGameSetupPanel_GameNameInput	CHudUiNetGameSetupPanelGameNameInput	Inferred class spelling: constructor/virtual evidence and documented class-prefix default; preserve class model.
HudUiNetGameSetupPanel_KillsInput	CHudUiNetGameSetupPanelKillsInput	Inferred class spelling: constructor/virtual evidence and documented class-prefix default; preserve class model.
HudUiNetGameSetupPanel_MaxPlayersInput	CHudUiNetGameSetupPanelMaxPlayersInput	Inferred class spelling: constructor/virtual evidence and documented class-prefix default; preserve class model.
HudUiNetGameSetupPanel_TimeLimitInput	CHudUiNetGameSetupPanelTimeLimitInput	Inferred class spelling: constructor/virtual evidence and documented class-prefix default; preserve class model.
HudUiOptionsPanel_Effects	CHudUiOptionsPanelEffects	Inferred class spelling: constructor/virtual evidence and documented class-prefix default; preserve class model.
HudUiOptionsPanel_FullHud	CHudUiOptionsPanelFullHud	Inferred class spelling: constructor/virtual evidence and documented class-prefix default; preserve class model.
HudUiOptionsPanel_Lighting	CHudUiOptionsPanelLighting	Inferred class spelling: constructor/virtual evidence and documented class-prefix default; preserve class model.
HudUiOptionsPanel_MusicEnable	CHudUiOptionsPanelMusicEnable	Inferred class spelling: constructor/virtual evidence and documented class-prefix default; preserve class model.
HudUiOptionsPanel_MusicVolume	CHudUiOptionsPanelMusicVolume	Inferred class spelling: constructor/virtual evidence and documented class-prefix default; preserve class model.
HudUiOptionsPanel_ObjectDetail	CHudUiOptionsPanelObjectDetail	Inferred class spelling: constructor/virtual evidence and documented class-prefix default; preserve class model.
HudUiOptionsPanel_Perspective	CHudUiOptionsPanelPerspective	Inferred class spelling: constructor/virtual evidence and documented class-prefix default; preserve class model.
HudUiOptionsPanel_Resolution	CHudUiOptionsPanelResolution	Inferred class spelling: constructor/virtual evidence and documented class-prefix default; preserve class model.
HudUiOptionsPanel_SoundActive	CHudUiOptionsPanelSoundActive	Inferred class spelling: constructor/virtual evidence and documented class-prefix default; preserve class model.
HudUiOptionsPanel_SoundQuality	CHudUiOptionsPanelSoundQuality	Inferred class spelling: constructor/virtual evidence and documented class-prefix default; preserve class model.
HudUiOptionsPanel_SoundVolume	CHudUiOptionsPanelSoundVolume	Inferred class spelling: constructor/virtual evidence and documented class-prefix default; preserve class model.
HudUiOptionsPanel_TextureMemory	CHudUiOptionsPanelTextureMemory	Inferred class spelling: constructor/virtual evidence and documented class-prefix default; preserve class model.
HudUiZrdWidgetEx17C	CHudRadioGroupWidget	Inferred from observed role and existing naming family; preserve code structure and ABI.
HudUiZrdWidgetEx17C_Item	CHudRadioButtonWidget	Inferred class spelling: constructor/virtual evidence and documented class-prefix default; preserve class model.
Image_EnsureSurfaceForCurrentDevice	ImageEnsureSurfaceForCurrentDevice	Inferred family spelling: retain behavior and subsystem words, remove unevidenced separator underscores.
Image_LazyCreateBackingSurface	ImageLazyCreateBackingSurface	Inferred family spelling: retain behavior and subsystem words, remove unevidenced separator underscores.
Image_LazyCreateVideoMemorySurface	ImageLazyCreateVideoMemorySurface	Inferred family spelling: retain behavior and subsystem words, remove unevidenced separator underscores.
Image_PopulateSurfaceFromHeapPixels	ImagePopulateSurfaceFromHeapPixels	Inferred family spelling: retain behavior and subsystem words, remove unevidenced separator underscores.
Image_ReleaseSurface	ImageReleaseSurface	Inferred family spelling: retain behavior and subsystem words, remove unevidenced separator underscores.
Image_UploadPixelsToSurface	ImageUploadPixelsToSurface	Inferred family spelling: retain behavior and subsystem words, remove unevidenced separator underscores.
InitFromWaveData_A3D	InitFromWaveDataA3D	Inferred family spelling: retain behavior and subsystem words, remove unevidenced separator underscores.
InitFromWaveData_DirectSound	InitFromWaveDataDirectSound	Inferred family spelling: retain behavior and subsystem words, remove unevidenced separator underscores.
Init_ApplyModeIndex	InitApplyModeIndex	Inferred family spelling: retain behavior and subsystem words, remove unevidenced separator underscores.
Init_SetSurfaceGeometryFromModeIndex	InitSetSurfaceGeometryFromModeIndex	Inferred family spelling: retain behavior and subsystem words, remove unevidenced separator underscores.
Joystick_IsUnsuspended	JoystickIsUnsuspended	Inferred family spelling: retain behavior and subsystem words, remove unevidenced separator underscores.
Joystick_ResumeFromSuspend	JoystickResumeFromSuspend	Inferred family spelling: retain behavior and subsystem words, remove unevidenced separator underscores.
Joystick_ShutdownDevice	JoystickShutdownDevice	Inferred family spelling: retain behavior and subsystem words, remove unevidenced separator underscores.
Joystick_Suspend	JoystickSuspend	Inferred family spelling: retain behavior and subsystem words, remove unevidenced separator underscores.
Keyboard_AddRef	KeyboardAddRef	Inferred family spelling: retain behavior and subsystem words, remove unevidenced separator underscores.
Keyboard_ClearKeyCallbackTable	KeyboardClearKeyCallbackTable	Inferred family spelling: retain behavior and subsystem words, remove unevidenced separator underscores.
Keyboard_GetKeyTransitionState	KeyboardGetKeyTransitionState	Inferred family spelling: retain behavior and subsystem words, remove unevidenced separator underscores.
Keyboard_InitDevice	KeyboardInitDevice	Inferred family spelling: retain behavior and subsystem words, remove unevidenced separator underscores.
Keyboard_InitDikToAsciiTable	KeyboardInitDikToAsciiTable	Inferred family spelling: retain behavior and subsystem words, remove unevidenced separator underscores.
Keyboard_PollState	KeyboardPollState	Inferred family spelling: retain behavior and subsystem words, remove unevidenced separator underscores.
Keyboard_RegisterKeyCallback	KeyboardRegisterKeyCallback	Inferred family spelling: retain behavior and subsystem words, remove unevidenced separator underscores.
Keyboard_ResetTransitionState	KeyboardResetTransitionState	Inferred family spelling: retain behavior and subsystem words, remove unevidenced separator underscores.
Keyboard_ResumeFromSuspend	KeyboardResumeFromSuspend	Inferred family spelling: retain behavior and subsystem words, remove unevidenced separator underscores.
Keyboard_SetRawEventCallback	KeyboardSetRawEventCallback	Inferred family spelling: retain behavior and subsystem words, remove unevidenced separator underscores.
Keyboard_ShutdownDevice	KeyboardShutdownDevice	Inferred family spelling: retain behavior and subsystem words, remove unevidenced separator underscores.
Keyboard_Suspend	KeyboardSuspend	Inferred family spelling: retain behavior and subsystem words, remove unevidenced separator underscores.
Keyboard_TranslateDikToAscii	KeyboardTranslateDikToAscii	Inferred family spelling: retain behavior and subsystem words, remove unevidenced separator underscores.
Keyboard_UnregisterKeyCallback	KeyboardUnregisterKeyCallback	Inferred family spelling: retain behavior and subsystem words, remove unevidenced separator underscores.
Keyboard_WaitForAnyKeyPress	KeyboardWaitForAnyKeyPress	Inferred family spelling: retain behavior and subsystem words, remove unevidenced separator underscores.
LensFlare_DrawQueuedSample16_ClippedFramebuffer	LensFlareDrawQueuedSample16ClippedFramebuffer	Inferred family spelling: retain behavior and subsystem words, remove unevidenced separator underscores.
LensFlare_DrawQueuedSamplesScaled16_ClippedFramebuffer	LensFlareDrawQueuedSamplesScaled16ClippedFramebuffer	Inferred family spelling: retain behavior and subsystem words, remove unevidenced separator underscores.
LensFlare_ResetSampleQueue	LensFlareResetSampleQueue	Inferred family spelling: retain behavior and subsystem words, remove unevidenced separator underscores.
LockSurface_WaitRestore	LockSurfaceWaitRestore	Inferred family spelling: retain behavior and subsystem words, remove unevidenced separator underscores.
MeasureCpuMhz_CmosRtc	MeasureCpuMhzCmosRtc	Inferred family spelling: retain behavior and subsystem words, remove unevidenced separator underscores.
MeasureCpuMhz_RdtscQpc	MeasureCpuMhzRdtscQpc	Inferred family spelling: retain behavior and subsystem words, remove unevidenced separator underscores.
MeasureMhzViaBsfLoop_Qpc	MeasureMhzViaBsfLoopQpc	Inferred family spelling: retain behavior and subsystem words, remove unevidenced separator underscores.
Mines_ZAR_ReadEntryOrReset	MinesZARReadEntryOrReset	Inferred family spelling: retain behavior and subsystem words, remove unevidenced separator underscores.
Mouse_AddRef	MouseAddRef	Inferred family spelling: retain behavior and subsystem words, remove unevidenced separator underscores.
Mouse_ApplyAccumulatedDelta	MouseApplyAccumulatedDelta	Inferred family spelling: retain behavior and subsystem words, remove unevidenced separator underscores.
Mouse_ApplyClientCursorPosToOS	MouseApplyClientCursorPosToOS	Inferred family spelling: retain behavior and subsystem words, remove unevidenced separator underscores.
Mouse_GetButtonTransitionState	MouseGetButtonTransitionState	Inferred family spelling: retain behavior and subsystem words, remove unevidenced separator underscores.
Mouse_GetStateSnapshot	MouseGetStateSnapshot	Inferred family spelling: retain behavior and subsystem words, remove unevidenced separator underscores.
Mouse_GetStateSnapshotPtr	MouseGetStateSnapshotPtr	Inferred family spelling: retain behavior and subsystem words, remove unevidenced separator underscores.
Mouse_InitDevice	MouseInitDevice	Inferred family spelling: retain behavior and subsystem words, remove unevidenced separator underscores.
Mouse_IsInitialized	MouseIsInitialized	Inferred family spelling: retain behavior and subsystem words, remove unevidenced separator underscores.
Mouse_IsUnsuspended	MouseIsUnsuspended	Inferred family spelling: retain behavior and subsystem words, remove unevidenced separator underscores.
Mouse_PollAndStoreState	MousePollAndStoreState	Inferred family spelling: retain behavior and subsystem words, remove unevidenced separator underscores.
Mouse_PollState	MousePollState	Inferred family spelling: retain behavior and subsystem words, remove unevidenced separator underscores.
Mouse_RecenterCursor	MouseRecenterCursor	Inferred family spelling: retain behavior and subsystem words, remove unevidenced separator underscores.
Mouse_RecenterCursorX	MouseRecenterCursorX	Inferred family spelling: retain behavior and subsystem words, remove unevidenced separator underscores.
Mouse_ResetTransitionState	MouseResetTransitionState	Inferred family spelling: retain behavior and subsystem words, remove unevidenced separator underscores.
Mouse_ResumeFromSuspend	MouseResumeFromSuspend	Inferred family spelling: retain behavior and subsystem words, remove unevidenced separator underscores.
Mouse_SetClientSizeAndCenter	MouseSetClientSizeAndCenter	Inferred family spelling: retain behavior and subsystem words, remove unevidenced separator underscores.
Mouse_SetCooperativeLevelFlags	MouseSetCooperativeLevelFlags	Inferred family spelling: retain behavior and subsystem words, remove unevidenced separator underscores.
Mouse_SetNormalizedCursorPos	MouseSetNormalizedCursorPos	Inferred family spelling: retain behavior and subsystem words, remove unevidenced separator underscores.
Mouse_ShutdownDevice	MouseShutdownDevice	Inferred family spelling: retain behavior and subsystem words, remove unevidenced separator underscores.
Mouse_Suspend	MouseSuspend	Inferred family spelling: retain behavior and subsystem words, remove unevidenced separator underscores.
Mouse_UpdateAcquireState	MouseUpdateAcquireState	Inferred family spelling: retain behavior and subsystem words, remove unevidenced separator underscores.
Mouse_UpdateClientRectAndCenter	MouseUpdateClientRectAndCenter	Inferred family spelling: retain behavior and subsystem words, remove unevidenced separator underscores.
Mouse_WaitForButtonPress	MouseWaitForButtonPress	Inferred family spelling: retain behavior and subsystem words, remove unevidenced separator underscores.
NetCopy_Init	NetCopyInit	Inferred family spelling: retain behavior and subsystem words, remove unevidenced separator underscores.
Noise_InitBuffers	NoiseInitBuffers	Inferred family spelling: retain behavior and subsystem words, remove unevidenced separator underscores.
Noise_ShutdownBuffers	NoiseShutdownBuffers	Inferred family spelling: retain behavior and subsystem words, remove unevidenced separator underscores.
OptCatalog_IsDamageMaskEnabled	OptCatalogIsDamageMaskEnabled	Inferred family spelling: retain behavior and subsystem words, remove unevidenced separator underscores.
OptCatalog_IsDamageMaskSlotPtrRegistered	OptCatalogIsDamageMaskSlotPtrRegistered	Inferred family spelling: retain behavior and subsystem words, remove unevidenced separator underscores.
OptCatalog_SetDamageMaskEnabled	OptCatalogSetDamageMaskEnabled	Inferred family spelling: retain behavior and subsystem words, remove unevidenced separator underscores.
OptCatalog_SetDamageMaskUv	OptCatalogSetDamageMaskUv	Inferred family spelling: retain behavior and subsystem words, remove unevidenced separator underscores.
Options_FindOption	OptionsFindOption	Inferred family spelling: retain behavior and subsystem words, remove unevidenced separator underscores.
Options_GetOrCreateOption	OptionsGetOrCreateOption	Inferred family spelling: retain behavior and subsystem words, remove unevidenced separator underscores.
Options_InitRegistryContext	OptionsInitRegistryContext	Inferred family spelling: retain behavior and subsystem words, remove unevidenced separator underscores.
Options_LoadFromRegistry	OptionsLoadFromRegistry	Inferred family spelling: retain behavior and subsystem words, remove unevidenced separator underscores.
Options_LoadGameOptions	OptionsLoadGameOptions	Inferred family spelling: retain behavior and subsystem words, remove unevidenced separator underscores.
Options_SaveGameOptions	OptionsSaveGameOptions	Inferred family spelling: retain behavior and subsystem words, remove unevidenced separator underscores.
Options_SaveToRegistry	OptionsSaveToRegistry	Inferred family spelling: retain behavior and subsystem words, remove unevidenced separator underscores.
Options_ShutdownRegistryContext	OptionsShutdownRegistryContext	Inferred family spelling: retain behavior and subsystem words, remove unevidenced separator underscores.
OverlayBlendRow555_Mmx	OverlayBlendRow555Mmx	Inferred family spelling: retain behavior and subsystem words, remove unevidenced separator underscores.
OverlayBlendRow555_Scalar	OverlayBlendRow555Scalar	Inferred family spelling: retain behavior and subsystem words, remove unevidenced separator underscores.
OverlayBlendRow565_Mmx	OverlayBlendRow565Mmx	Inferred family spelling: retain behavior and subsystem words, remove unevidenced separator underscores.
OverlayBlendRow565_Scalar	OverlayBlendRow565Scalar	Inferred family spelling: retain behavior and subsystem words, remove unevidenced separator underscores.
PixelPack_GetPackingParams	PixelPackGetPackingParams	Inferred family spelling: retain behavior and subsystem words, remove unevidenced separator underscores.
PixelPack_GetRgbBits	PixelPackGetRgbBits	Inferred family spelling: retain behavior and subsystem words, remove unevidenced separator underscores.
PixelPack_GetRgbMasks	PixelPackGetRgbMasks	Inferred family spelling: retain behavior and subsystem words, remove unevidenced separator underscores.
PixelPack_SetupFromMasks	PixelPackSetupFromMasks	Inferred family spelling: retain behavior and subsystem words, remove unevidenced separator underscores.
PlayWithDelta_A3D	PlayWithDeltaA3D	Inferred family spelling: retain behavior and subsystem words, remove unevidenced separator underscores.
PlayWithDelta_BackendDispatch	PlayWithDeltaBackendDispatch	Inferred family spelling: retain behavior and subsystem words, remove unevidenced separator underscores.
PlayWithDelta_DirectSound	PlayWithDeltaDirectSound	Inferred family spelling: retain behavior and subsystem words, remove unevidenced separator underscores.
Player_ProjectileCameraFxPass3Ui	CPlayerProjectileCameraFxPass3Ui	Inferred class spelling: constructor/virtual evidence and documented class-prefix default; preserve class model.
Player_UnderwaterFxPass3Ui	CPlayerUnderwaterFxPass3Ui	Inferred class spelling: constructor/virtual evidence and documented class-prefix default; preserve class model.
Primary_Init	PrimaryInit	Inferred family spelling: retain behavior and subsystem words, remove unevidenced separator underscores.
RecoilApp_AttractFmvState	CRecoilAppAttractFmvState	Inferred class spelling: constructor/virtual evidence and documented class-prefix default; preserve class model.
RecoilApp_FmvScript	CRecoilAppFmvScript	Inferred class spelling: constructor/virtual evidence and documented class-prefix default; preserve class model.
RecoilApp_IntroFmvState	CRecoilAppIntroFmvState	Inferred class spelling: constructor/virtual evidence and documented class-prefix default; preserve class model.
RecoilApp_PlayState	CRecoilAppPlayState	Inferred class spelling: constructor/virtual evidence and documented class-prefix default; preserve class model.
RemoveColinearVerticesInPlace	check_colinearity	Inferred from observed role and existing naming family; preserve code structure and ABI.
RenderSection_SetPosition	RenderSectionSetPosition	Inferred family spelling: retain behavior and subsystem words, remove unevidenced separator underscores.
RenderSection_SetSize	RenderSectionSetSize	Inferred family spelling: retain behavior and subsystem words, remove unevidenced separator underscores.
RenderSection_SetTargetWindow	RenderSectionSetTargetWindow	Inferred family spelling: retain behavior and subsystem words, remove unevidenced separator underscores.
Renderer_DrawPolyTLV	RendererDrawPolyTLV	Inferred family spelling: retain behavior and subsystem words, remove unevidenced separator underscores.
RunStream	RunLine	Observed interpreter behavior/callers contradict prior placeholder; name corrected without changing implementation.
RunString	RunStream	Observed interpreter behavior/callers contradict prior placeholder; name corrected without changing implementation.
SendAllPkt13_EffectAnimActivationRecords	SendAllPkt13EffectAnimActivationRecords	Inferred family spelling: retain behavior and subsystem words, remove unevidenced separator underscores.
SendPkt08_PlayerKillEvent	SendPkt08PlayerKillEvent	Inferred family spelling: retain behavior and subsystem words, remove unevidenced separator underscores.
SendPkt09_PlayerScoreboardSnapshot	SendPkt09PlayerScoreboardSnapshot	Inferred family spelling: retain behavior and subsystem words, remove unevidenced separator underscores.
SendPkt0A_RemoveRuntimeRelay	SendPkt0ARemoveRuntimeRelay	Inferred family spelling: retain behavior and subsystem words, remove unevidenced separator underscores.
SendPkt0B_ChatMessage	SendPkt0BChatMessage	Inferred family spelling: retain behavior and subsystem words, remove unevidenced separator underscores.
SendPkt0C_HudTimerStatusBits	SendPkt0CHudTimerStatusBits	Inferred family spelling: retain behavior and subsystem words, remove unevidenced separator underscores.
SendPkt0D_HudTimerPanelState	SendPkt0DHudTimerPanelState	Inferred family spelling: retain behavior and subsystem words, remove unevidenced separator underscores.
SendPkt0E_PlayerLapProgress	SendPkt0EPlayerLapProgress	Inferred family spelling: retain behavior and subsystem words, remove unevidenced separator underscores.
SendPkt10_QSandEvent	SendPkt10QSandEvent	Inferred family spelling: retain behavior and subsystem words, remove unevidenced separator underscores.
SendPkt11_CreateDelta	SendPkt11CreateDelta	Inferred family spelling: retain behavior and subsystem words, remove unevidenced separator underscores.
SendPkt11_Flag2Delta	SendPkt11Flag2Delta	Inferred family spelling: retain behavior and subsystem words, remove unevidenced separator underscores.
SendPkt11_Flag8Delta	SendPkt11Flag8Delta	Inferred family spelling: retain behavior and subsystem words, remove unevidenced separator underscores.
SendPkt12_AirdropSpawnChuteRelay	SendPkt12AirdropSpawnChuteRelay	Inferred family spelling: retain behavior and subsystem words, remove unevidenced separator underscores.
SendPkt13_EffectAnimActivationRecord	SendPkt13EffectAnimActivationRecord	Inferred family spelling: retain behavior and subsystem words, remove unevidenced separator underscores.
SendPkt14_HudTimerAndFlagsSync	SendPkt14HudTimerAndFlagsSync	Inferred family spelling: retain behavior and subsystem words, remove unevidenced separator underscores.
SetPositionRefAndVelocity_Thunk	SetPositionRefAndVelocityThunk	Inferred family spelling: retain behavior and subsystem words, remove unevidenced separator underscores.
SetTransformRefs_Thunk	SetTransformRefsThunk	Inferred family spelling: retain behavior and subsystem words, remove unevidenced separator underscores.
SetTransformRotAndVelocity_Thunk	SetTransformRotAndVelocityThunk	Inferred family spelling: retain behavior and subsystem words, remove unevidenced separator underscores.
SetVelocity_Thunk	SetVelocityThunk	Inferred family spelling: retain behavior and subsystem words, remove unevidenced separator underscores.
ShutdownItems_Stub	ShutdownItems	Inferred from observed role and existing naming family; preserve code structure and ABI.
Shutdown_Stub	ShutdownShieldWidget	Inferred from observed role and existing naming family; preserve code structure and ABI.
SpawnRemotePlayerFromPkt06_PlayerStateSnapshot	SpawnRemotePlayerFromPkt06PlayerStateSnapshot	Inferred family spelling: retain behavior and subsystem words, remove unevidenced separator underscores.
TexDir_FindOrAppendByPath	TexDirFindOrAppendByPath	Inferred family spelling: retain behavior and subsystem words, remove unevidenced separator underscores.
TexDir_FindOrCreateByPath	TexDirFindOrCreateByPath	Inferred family spelling: retain behavior and subsystem words, remove unevidenced separator underscores.
TexDir_LoadPendingEntries	TexDirLoadPendingEntries	Inferred family spelling: retain behavior and subsystem words, remove unevidenced separator underscores.
TexturePixelPack_SetupFromMasks	TexturePixelPackSetupFromMasks	Inferred family spelling: retain behavior and subsystem words, remove unevidenced separator underscores.
TextureRecord_Create	TextureRecordCreate	Inferred family spelling: retain behavior and subsystem words, remove unevidenced separator underscores.
TextureRecord_Destroy	TextureRecordDestroy	Inferred family spelling: retain behavior and subsystem words, remove unevidenced separator underscores.
TextureRecord_FinalizeUpload	TextureRecordFinalizeUpload	Inferred family spelling: retain behavior and subsystem words, remove unevidenced separator underscores.
TextureRecord_LockUploadSurface	TextureRecordLockUploadSurface	Inferred family spelling: retain behavior and subsystem words, remove unevidenced separator underscores.
TextureRecord_ReleaseUploadSurfaceRef	TextureRecordReleaseUploadSurfaceRef	Inferred family spelling: retain behavior and subsystem words, remove unevidenced separator underscores.
TextureRecord_UnlockUploadSurface	TextureRecordUnlockUploadSurface	Inferred family spelling: retain behavior and subsystem words, remove unevidenced separator underscores.
TrackList_Add	TrackListAdd	Inferred family spelling: retain behavior and subsystem words, remove unevidenced separator underscores.
UnlockSurface_WaitRestore	UnlockSurfaceWaitRestore	Inferred family spelling: retain behavior and subsystem words, remove unevidenced separator underscores.
Update3D_A3D	Update3DA3D	Inferred family spelling: retain behavior and subsystem words, remove unevidenced separator underscores.
UpdateMasterTypeAmphib_FromModalProbe	UpdateMasterTypeAmphibFromModalProbe	Inferred family spelling: retain behavior and subsystem words, remove unevidenced separator underscores.
UpdateMasterTypeBasicOrTrack_FromModalProbe	UpdateMasterTypeBasicOrTrackFromModalProbe	Inferred family spelling: retain behavior and subsystem words, remove unevidenced separator underscores.
UpdateMasterTypeHover_FromModalProbe	UpdateMasterTypeHoverFromModalProbe	Inferred family spelling: retain behavior and subsystem words, remove unevidenced separator underscores.
Vec3_FastNormalize	Vec3FastNormalize	Inferred family spelling: retain behavior and subsystem words, remove unevidenced separator underscores.
ViewRectSection_ClampPointToInclusiveBounds	ViewRectSectionClampPointToInclusiveBounds	Inferred family spelling: retain behavior and subsystem words, remove unevidenced separator underscores.
ViewRectSection_SetPosition	ViewRectSectionSetPosition	Inferred family spelling: retain behavior and subsystem words, remove unevidenced separator underscores.
ViewRectSection_SetSize	ViewRectSectionSetSize	Inferred family spelling: retain behavior and subsystem words, remove unevidenced separator underscores.
WindowSection_SetPosition	WindowSectionSetPosition	Inferred family spelling: retain behavior and subsystem words, remove unevidenced separator underscores.
WindowSection_SetSize	WindowSectionSetSize	Inferred family spelling: retain behavior and subsystem words, remove unevidenced separator underscores.
ZAR_LoadFileGlobal	zZarLoadFileGlobal	Inferred family spelling: retain behavior and subsystem words, remove unevidenced separator underscores.
ZAR_ReadMissionSaveDataSection	zZarReadMissionSaveDataSection	Inferred family spelling: retain behavior and subsystem words, remove unevidenced separator underscores.
ZAR_ReadVehicleListSection	zZarReadVehicleListSection	Inferred family spelling: retain behavior and subsystem words, remove unevidenced separator underscores.
ZAR_RegisterSections	zZarRegisterSections	Inferred family spelling: retain behavior and subsystem words, remove unevidenced separator underscores.
ZAR_RequestStopGlobal	zZarRequestStopGlobal	Inferred family spelling: retain behavior and subsystem words, remove unevidenced separator underscores.
ZAR_WriteMissionSaveDataSection	zZarWriteMissionSaveDataSection	Inferred family spelling: retain behavior and subsystem words, remove unevidenced separator underscores.
ZAR_WriteVehicleListSection	zZarWriteVehicleListSection	Inferred family spelling: retain behavior and subsystem words, remove unevidenced separator underscores.
ZBD_DestroyGlobalManager	ZBDDestroyGlobalManager	Inferred family spelling: retain behavior and subsystem words, remove unevidenced separator underscores.
ZBD_Init	ZBDInit	Inferred family spelling: retain behavior and subsystem words, remove unevidenced separator underscores.
ZBD_LoadEntriesGlobal	ZBDLoadEntriesGlobal	Inferred family spelling: retain behavior and subsystem words, remove unevidenced separator underscores.
ZBuffer_DepthFillRect	ZBufferDepthFillRect	Inferred family spelling: retain behavior and subsystem words, remove unevidenced separator underscores.
ZRDR_AddSearchPaths	zRdrAddSearchPaths	Inferred family spelling: retain behavior and subsystem words, remove unevidenced separator underscores.
ZRDR_GetFileSize	zRdrGetFileSize	Inferred family spelling: retain behavior and subsystem words, remove unevidenced separator underscores.
ZRDR_Init	zRdrInit	Inferred family spelling: retain behavior and subsystem words, remove unevidenced separator underscores.
ZRDR_InitNodePool	zRdrInitNodePool	Inferred family spelling: retain behavior and subsystem words, remove unevidenced separator underscores.
ZarMissionLate_RestoreCallback	ZarMissionLateRestoreCallback	Inferred family spelling: retain behavior and subsystem words, remove unevidenced separator underscores.
ZarMissionLate_SaveCallback	ZarMissionLateSaveCallback	Inferred family spelling: retain behavior and subsystem words, remove unevidenced separator underscores.
ZarMission_RestoreCallback	ZarMissionRestoreCallback	Inferred family spelling: retain behavior and subsystem words, remove unevidenced separator underscores.
ZarMission_SaveCallback	ZarMissionSaveCallback	Inferred family spelling: retain behavior and subsystem words, remove unevidenced separator underscores.
buff_BlurRegionByMode	buffBlurRegionByMode	Inferred family spelling: retain behavior and subsystem words, remove unevidenced separator underscores.
buff_BlurRegionCombined	buffBlurRegionCombined	Inferred family spelling: retain behavior and subsystem words, remove unevidenced separator underscores.
buff_BlurRegionHorizontal	buffBlurRegionHorizontal	Inferred family spelling: retain behavior and subsystem words, remove unevidenced separator underscores.
buff_BlurRegionVertical	buffBlurRegionVertical	Inferred family spelling: retain behavior and subsystem words, remove unevidenced separator underscores.
gwListDeleteANode	_gwListDeleteANode	Recoil-confirmed leaf spelling from diagnostic string and referring function; current scope retained.
gwNodeFindNextByName_Predicate	gwNodeFindNextByNamePredicate	Inferred family spelling: retain behavior and subsystem words, remove unevidenced separator underscores.
zArchiveList_AddHead	zArchiveListAddHead	Inferred family spelling: retain behavior and subsystem words, remove unevidenced separator underscores.
zArchiveList_AddTail	zArchiveListAddTail	Inferred family spelling: retain behavior and subsystem words, remove unevidenced separator underscores.
zArchiveList_AllocNode	zArchiveListAllocNode	Inferred family spelling: retain behavior and subsystem words, remove unevidenced separator underscores.
zArchiveList_Count	zArchiveListCount	Inferred family spelling: retain behavior and subsystem words, remove unevidenced separator underscores.
zArchiveList_Find	zArchiveListFind	Inferred family spelling: retain behavior and subsystem words, remove unevidenced separator underscores.
zArchiveList_FindCompare	zArchiveListFindCompare	Inferred family spelling: retain behavior and subsystem words, remove unevidenced separator underscores.
zArchiveList_FindKey	zArchiveListFindKey	Inferred family spelling: retain behavior and subsystem words, remove unevidenced separator underscores.
zArchiveList_FindNode	zArchiveListFindNode	Inferred family spelling: retain behavior and subsystem words, remove unevidenced separator underscores.
zArchiveList_Free	zArchiveListFree	Inferred family spelling: retain behavior and subsystem words, remove unevidenced separator underscores.
zArchiveList_FreeNode	zArchiveListFreeNode	Inferred family spelling: retain behavior and subsystem words, remove unevidenced separator underscores.
zArchiveList_Get	zArchiveListGet	Inferred family spelling: retain behavior and subsystem words, remove unevidenced separator underscores.
zArchiveList_Link	zArchiveListLink	Inferred family spelling: retain behavior and subsystem words, remove unevidenced separator underscores.
zArchiveList_New	zArchiveListNew	Inferred family spelling: retain behavior and subsystem words, remove unevidenced separator underscores.
zArchiveList_Remove	zArchiveListRemove	Inferred family spelling: retain behavior and subsystem words, remove unevidenced separator underscores.
zArchiveList_RemoveHead	zArchiveListRemoveHead	Inferred family spelling: retain behavior and subsystem words, remove unevidenced separator underscores.
zClass_NodeSlotFromNode	zClassNodeSlotFromNode	Inferred family spelling: retain behavior and subsystem words, remove unevidenced separator underscores.
zClass_NodeViewSphereCenter	zClassNodeViewSphereCenter	Inferred family spelling: retain behavior and subsystem words, remove unevidenced separator underscores.
zClass_NodeViewSphereRadius	zClassNodeViewSphereRadius	Inferred family spelling: retain behavior and subsystem words, remove unevidenced separator underscores.
zClipAlt_BuildFrustumPlanes	zClipAltBuildFrustumPlanes	Inferred family spelling: retain behavior and subsystem words, remove unevidenced separator underscores.
zFMV_ActionBlurH	CZFMVActionBlurH	Inferred class spelling: constructor/virtual evidence and documented class-prefix default; preserve class model.
zFMV_ActionBlurV	CZFMVActionBlurV	Inferred class spelling: constructor/virtual evidence and documented class-prefix default; preserve class model.
zFMV_ActionFade	CZFMVActionFade	Inferred class spelling: constructor/virtual evidence and documented class-prefix default; preserve class model.
zFMV_ActionImage	CZFMVActionImage	Inferred class spelling: constructor/virtual evidence and documented class-prefix default; preserve class model.
zFMV_ActionPlayAvi	CZFMVActionPlayAvi	Inferred class spelling: constructor/virtual evidence and documented class-prefix default; preserve class model.
zFMV_ActionPlayMci	CZFMVActionPlayMci	Inferred class spelling: constructor/virtual evidence and documented class-prefix default; preserve class model.
zFMV_ActionPlaySound	CZFMVActionPlaySound	Inferred class spelling: constructor/virtual evidence and documented class-prefix default; preserve class model.
zFMV_ActionWait	CZFMVActionWait	Inferred class spelling: constructor/virtual evidence and documented class-prefix default; preserve class model.
zFMV_Playback	CZFMVPlayback	Inferred class spelling: constructor/virtual evidence and documented class-prefix default; preserve class model.
zImage_Init	zImageInit	Inferred family spelling: retain behavior and subsystem words, remove unevidenced separator underscores.
zImage_InitMissionResources	zImageInitMissionResources	Inferred family spelling: retain behavior and subsystem words, remove unevidenced separator underscores.
zInput_BindGroupInfo	CZInputBindGroupInfo	Inferred class spelling: constructor/virtual evidence and documented class-prefix default; preserve class model.
zInput_BindMapContext_DispatchFromKeyboardEvent	zInputBindMapContextDispatchFromKeyboardEvent	Inferred family spelling: retain behavior and subsystem words, remove unevidenced separator underscores.
zInput_DI_CreateConstantForceEffectScaled	zInputDICreateConstantForceEffectScaled	Inferred family spelling: retain behavior and subsystem words, remove unevidenced separator underscores.
zInput_DI_CreateConstantForceEffectWithDirection	zInputDICreateConstantForceEffectWithDirection	Inferred family spelling: retain behavior and subsystem words, remove unevidenced separator underscores.
zInput_DI_CreateForceFeedbackEffect	zInputDICreateForceFeedbackEffect	Inferred family spelling: retain behavior and subsystem words, remove unevidenced separator underscores.
zInput_DI_CreateSineEffectScaled	zInputDICreateSineEffectScaled	Inferred family spelling: retain behavior and subsystem words, remove unevidenced separator underscores.
zInput_DI_HasForceFeedback	zInputDIHasForceFeedback	Inferred family spelling: retain behavior and subsystem words, remove unevidenced separator underscores.
zInput_DI_InitForceFeedbackEffectSet	zInputDIInitForceFeedbackEffectSet	Inferred family spelling: retain behavior and subsystem words, remove unevidenced separator underscores.
zInput_DI_IsForceFeedbackEnabled	zInputDIIsForceFeedbackEnabled	Inferred family spelling: retain behavior and subsystem words, remove unevidenced separator underscores.
zInput_DI_PlayAltFireEffect	zInputDIPlayAltFireEffect	Inferred family spelling: retain behavior and subsystem words, remove unevidenced separator underscores.
zInput_DI_RestartPrimaryFireEffect	zInputDIRestartPrimaryFireEffect	Inferred family spelling: retain behavior and subsystem words, remove unevidenced separator underscores.
zInput_DI_UpdateSteerAndPitchForceEffects	zInputDIUpdateSteerAndPitchForceEffects	Inferred family spelling: retain behavior and subsystem words, remove unevidenced separator underscores.
zInput_Keyboard_IsUnsuspended	zInputKeyboardIsUnsuspended	Inferred family spelling: retain behavior and subsystem words, remove unevidenced separator underscores.
zInput_WaitForAnyKeyPressWithTimeoutMs	zInputWaitForAnyKeyPressWithTimeoutMs	Inferred family spelling: retain behavior and subsystem words, remove unevidenced separator underscores.
zInterp_Context	CZInterp	Inferred class spelling: constructor/virtual evidence and documented class-prefix default; preserve class model.
zInterp_FileFrame	zInterpFileFrame	Inferred interpreter record spelling; retain POD/union identity and layout.
zInterp_GlobalContext	CRecoilInterp	Inferred class spelling: constructor/virtual evidence and documented class-prefix default; preserve class model.
zInterp_MacroEntry	zInterpMacroEntry	Inferred interpreter record spelling; retain POD/union identity and layout.
zInterp_PreparedScriptEntry	zInterpPreparedScriptEntry	Inferred interpreter record spelling; retain POD/union identity and layout.
zInterp_PreparedScriptHeader	zInterpPreparedScriptHeader	Inferred interpreter record spelling; retain POD/union identity and layout.
zInterp_RuntimeBlob	zInterpPolygonState	Inferred interpreter record spelling; retain POD/union identity and layout.
zInterp_ScrollAlwaysList	zInterpScrollList	Inferred from observed role and existing naming family; preserve code structure and ABI.
zInterp_VarEntry	zInterpVarEntry	Inferred interpreter record spelling; retain POD/union identity and layout.
zInterp_VarValuePtr	zInterpVarValuePtr	Inferred from observed role and existing naming family; preserve code structure and ABI.
zMath_BuildPerspectiveTextureInterpolants	zMathBuildPerspectiveTextureInterpolants	Inferred family spelling: retain behavior and subsystem words, remove unevidenced separator underscores.
zMath_Camera_StageInverseRotation	zMathCameraStageInverseRotation	Inferred family spelling: retain behavior and subsystem words, remove unevidenced separator underscores.
zMath_Mat_ExtractEulerAngles	zMathMatExtractEulerAngles	Inferred family spelling: retain behavior and subsystem words, remove unevidenced separator underscores.
zMath_Mat_ExtractYaw	zMathMatExtractYaw	Inferred family spelling: retain behavior and subsystem words, remove unevidenced separator underscores.
zMath_Mat_GetCurrent	zMathMatGetCurrent	Inferred family spelling: retain behavior and subsystem words, remove unevidenced separator underscores.
zMath_Mat_IsCurrentIdentity	zMathMatIsCurrentIdentity	Inferred family spelling: retain behavior and subsystem words, remove unevidenced separator underscores.
zMath_Mat_LoadProjection	zMathMatLoadProjection	Inferred family spelling: retain behavior and subsystem words, remove unevidenced separator underscores.
zMath_Mat_LoadView	zMathMatLoadView	Inferred family spelling: retain behavior and subsystem words, remove unevidenced separator underscores.
zMath_Mat_SetupCamera	zMathMatSetupCamera	Inferred family spelling: retain behavior and subsystem words, remove unevidenced separator underscores.
zMath_Mat_TransformBBoxToCorners	zMathMatTransformBBoxToCorners	Inferred family spelling: retain behavior and subsystem words, remove unevidenced separator underscores.
zMath_Mat_TransformNormalBatch	zMathMatTransformNormalBatch	Inferred family spelling: retain behavior and subsystem words, remove unevidenced separator underscores.
zMath_ProjectSphereBatch	zMathProjectSphereBatch	Inferred family spelling: retain behavior and subsystem words, remove unevidenced separator underscores.
zMath_Project_GetLastScreenScaleXY	zMathProjectGetLastScreenScaleXY	Inferred family spelling: retain behavior and subsystem words, remove unevidenced separator underscores.
zMath_Quat_FromEuler	zMathQuatFromEuler	Inferred family spelling: retain behavior and subsystem words, remove unevidenced separator underscores.
zMath_Quat_FromRotationVector	zMathQuatFromRotationVector	Inferred family spelling: retain behavior and subsystem words, remove unevidenced separator underscores.
zMath_Quat_Multiply	zMathQuatMultiply	Inferred family spelling: retain behavior and subsystem words, remove unevidenced separator underscores.
zMath_Quat_MultiplyInverse	zMathQuatMultiplyInverse	Inferred family spelling: retain behavior and subsystem words, remove unevidenced separator underscores.
zMath_Quat_ToMatrix	zMathQuatToMatrix	Inferred family spelling: retain behavior and subsystem words, remove unevidenced separator underscores.
zMath_SetScreenSize	zMathSetScreenSize	Inferred family spelling: retain behavior and subsystem words, remove unevidenced separator underscores.
zMath_Setup_Projection	zMathSetupProjection	Inferred family spelling: retain behavior and subsystem words, remove unevidenced separator underscores.
zMath_SolveLinearGradient2D	zMathSolveLinearGradient2D	Inferred family spelling: retain behavior and subsystem words, remove unevidenced separator underscores.
zMath_UnprojectPointBatch	zMathUnprojectPointBatch	Inferred family spelling: retain behavior and subsystem words, remove unevidenced separator underscores.
zMath_UnprojectPointBatchZBuf	zMathUnprojectPointBatchZBuf	Inferred family spelling: retain behavior and subsystem words, remove unevidenced separator underscores.
zMath_Vec3Array_AddScaled	zMathVec3ArrayAddScaled	Inferred family spelling: retain behavior and subsystem words, remove unevidenced separator underscores.
zMath_Vec3Array_UntransformDirection	zMathVec3ArrayUntransformDirection	Inferred family spelling: retain behavior and subsystem words, remove unevidenced separator underscores.
zMath_Vec3_DirFromYaw	zMathVec3DirFromYaw	Inferred family spelling: retain behavior and subsystem words, remove unevidenced separator underscores.
zMath_Vec3_DivScalar	zMathVec3DivScalar	Inferred family spelling: retain behavior and subsystem words, remove unevidenced separator underscores.
zMath_Vec3_ElevationAngleBetweenPoints	zMathVec3ElevationAngleBetweenPoints	Inferred family spelling: retain behavior and subsystem words, remove unevidenced separator underscores.
zMath_Vec3_RotateX	zMathVec3RotateX	Inferred family spelling: retain behavior and subsystem words, remove unevidenced separator underscores.
zMath_Vec3_TriangleNormal	zMathVec3TriangleNormal	Inferred family spelling: retain behavior and subsystem words, remove unevidenced separator underscores.
zModel_Display_Init	zModelDisplayInit	Inferred family spelling: retain behavior and subsystem words, remove unevidenced separator underscores.
zModel_FogTargetColorOverride_SetCurrent	zModelFogTargetColorOverrideSetCurrent	Inferred family spelling: retain behavior and subsystem words, remove unevidenced separator underscores.
zModel_Fog_ApplyCurrentColor	zModelFogApplyCurrentColor	Inferred family spelling: retain behavior and subsystem words, remove unevidenced separator underscores.
zModel_Fog_GetDistanceStart	zModelFogGetDistanceStart	Inferred family spelling: retain behavior and subsystem words, remove unevidenced separator underscores.
zModel_Fog_IsEnabled	zModelFogIsEnabled	Inferred family spelling: retain behavior and subsystem words, remove unevidenced separator underscores.
zModel_Fog_SetColorRgb01	zModelFogSetColorRgb01	Inferred family spelling: retain behavior and subsystem words, remove unevidenced separator underscores.
zModel_Fog_SetDensity	zModelFogSetDensity	Inferred family spelling: retain behavior and subsystem words, remove unevidenced separator underscores.
zModel_Fog_SetDistanceEnd	zModelFogSetDistanceEnd	Inferred family spelling: retain behavior and subsystem words, remove unevidenced separator underscores.
zModel_Fog_SetDistanceStart	zModelFogSetDistanceStart	Inferred family spelling: retain behavior and subsystem words, remove unevidenced separator underscores.
zModel_Fog_SetEnabled	zModelFogSetEnabled	Inferred family spelling: retain behavior and subsystem words, remove unevidenced separator underscores.
zModel_Fog_SetHeightHigh	zModelFogSetHeightHigh	Inferred family spelling: retain behavior and subsystem words, remove unevidenced separator underscores.
zModel_Fog_SetHeightLow	zModelFogSetHeightLow	Inferred family spelling: retain behavior and subsystem words, remove unevidenced separator underscores.
zModel_Fog_SetLinearModeEnabled	zModelFogSetLinearModeEnabled	Inferred family spelling: retain behavior and subsystem words, remove unevidenced separator underscores.
zModel_Instance_UpdateScrollingTextures	zModelInstanceUpdateScrollingTextures	Inferred family spelling: retain behavior and subsystem words, remove unevidenced separator underscores.
zModel_Instance_UpdateScrollingTexturesIfNeeded	zModelInstanceUpdateScrollingTexturesIfNeeded	Inferred family spelling: retain behavior and subsystem words, remove unevidenced separator underscores.
zModel_Light_BuildLightWeights	zModelLightBuildLightWeights	Inferred family spelling: retain behavior and subsystem words, remove unevidenced separator underscores.
zModel_Light_PointInPolygonInitXZ	zModelLightPointInPolygonInitXZ	Inferred family spelling: retain behavior and subsystem words, remove unevidenced separator underscores.
zModel_RenderAlphaScale_SetCurrent	zModelRenderAlphaScaleSetCurrent	Inferred family spelling: retain behavior and subsystem words, remove unevidenced separator underscores.
zModel_RenderPointQueueEntry	zModelRenderPointQueueEntry	Inferred family spelling: retain behavior and subsystem words, remove unevidenced separator underscores.
zModel_RenderVertexAlphaEnabled_SetCurrent	zModelRenderVertexAlphaEnabledSetCurrent	Inferred family spelling: retain behavior and subsystem words, remove unevidenced separator underscores.
zNetwork_ApplyPkt01_PlayerColorAssignments	zNetworkApplyPkt01PlayerColorAssignments	Inferred family spelling: retain behavior and subsystem words, remove unevidenced separator underscores.
zNetwork_ApplyStatusFieldsToSessionDesc	zNetworkApplyStatusFieldsToSessionDesc	Inferred family spelling: retain behavior and subsystem words, remove unevidenced separator underscores.
zNetwork_DPlay_DestroyCachedLocalPlayer	zNetworkDPlayDestroyCachedLocalPlayer	Inferred family spelling: retain behavior and subsystem words, remove unevidenced separator underscores.
zNetwork_DPlay_ReportError	zNetworkDPlayReportError	Inferred family spelling: retain behavior and subsystem words, remove unevidenced separator underscores.
zNetwork_DPlay_SendExReliable	zNetworkDPlaySendExReliable	Inferred family spelling: retain behavior and subsystem words, remove unevidenced separator underscores.
zNetwork_DPlay_SendExUnreliableTracked	zNetworkDPlaySendExUnreliableTracked	Inferred family spelling: retain behavior and subsystem words, remove unevidenced separator underscores.
zNetwork_DPlay_SendReliable	zNetworkDPlaySendReliable	Inferred family spelling: retain behavior and subsystem words, remove unevidenced separator underscores.
zNetwork_DPlay_SendUnreliable	zNetworkDPlaySendUnreliable	Inferred family spelling: retain behavior and subsystem words, remove unevidenced separator underscores.
zNetwork_ExtractStatusFieldsFromSessionDesc	zNetworkExtractStatusFieldsFromSessionDesc	Inferred family spelling: retain behavior and subsystem words, remove unevidenced separator underscores.
zNetwork_FindPlayerRecordByKey	zNetworkFindPlayerRecordByKey	Inferred family spelling: retain behavior and subsystem words, remove unevidenced separator underscores.
zNetwork_GetLocalPlayerColorIndex	zNetworkGetLocalPlayerColorIndex	Inferred family spelling: retain behavior and subsystem words, remove unevidenced separator underscores.
zNetwork_GetLocalPlayerKey	zNetworkGetLocalPlayerKey	Inferred family spelling: retain behavior and subsystem words, remove unevidenced separator underscores.
zNetwork_GetPlayerColorIndexByKey	zNetworkGetPlayerColorIndexByKey	Inferred family spelling: retain behavior and subsystem words, remove unevidenced separator underscores.
zNetwork_GetPlayerRecordCount	zNetworkGetPlayerRecordCount	Inferred family spelling: retain behavior and subsystem words, remove unevidenced separator underscores.
zNetwork_SendPacketReliable	zNetworkSendPacketReliable	Inferred family spelling: retain behavior and subsystem words, remove unevidenced separator underscores.
zNetwork_SendPacketUnreliable	zNetworkSendPacketUnreliable	Inferred family spelling: retain behavior and subsystem words, remove unevidenced separator underscores.
zOpt_CameraSection_GetActiveCamera	zOptCameraSectionGetActiveCamera	Inferred family spelling: retain behavior and subsystem words, remove unevidenced separator underscores.
zOpt_DisplaySection_GetHeight	zOptDisplaySectionGetHeight	Inferred family spelling: retain behavior and subsystem words, remove unevidenced separator underscores.
zOpt_DisplaySection_GetWidth	zOptDisplaySectionGetWidth	Inferred family spelling: retain behavior and subsystem words, remove unevidenced separator underscores.
zOpt_GetPlayerName	zOptGetPlayerName	Inferred family spelling: retain behavior and subsystem words, remove unevidenced separator underscores.
zOpt_GetWolPasswordFlagValue	zOptGetWolPasswordFlagValue	Inferred family spelling: retain behavior and subsystem words, remove unevidenced separator underscores.
zReader_FileExists_Wrapper	zReaderFileExistsWrapper	Inferred family spelling: retain behavior and subsystem words, remove unevidenced separator underscores.
zReader_ReadString	zReaderReadString	Inferred family spelling: retain behavior and subsystem words, remove unevidenced separator underscores.
zRndr_DrawCircleOctants16_Framebuffer	zRndrDrawCircleOctants16Framebuffer	Inferred family spelling: retain behavior and subsystem words, remove unevidenced separator underscores.
zRndr_DrawCircleOutline16_Framebuffer	zRndrDrawCircleOutline16Framebuffer	Inferred family spelling: retain behavior and subsystem words, remove unevidenced separator underscores.
zRndr_DrawClippedImmediateLineStrip	zRndrDrawClippedImmediateLineStrip	Inferred family spelling: retain behavior and subsystem words, remove unevidenced separator underscores.
zRndr_DrawFlatImmediate	zRndrDrawFlatImmediate	Inferred family spelling: retain behavior and subsystem words, remove unevidenced separator underscores.
zRndr_DrawFlatQueued	zRndrDrawFlatQueued	Inferred family spelling: retain behavior and subsystem words, remove unevidenced separator underscores.
zRndr_DrawImmediateLine	zRndrDrawImmediateLine	Inferred family spelling: retain behavior and subsystem words, remove unevidenced separator underscores.
zRndr_DrawLine16	zRndrDrawLine16	Inferred family spelling: retain behavior and subsystem words, remove unevidenced separator underscores.
zRndr_DrawLine16_Clipped	zRndrDrawLine16Clipped	Inferred family spelling: retain behavior and subsystem words, remove unevidenced separator underscores.
zRndr_DrawLine16_Segmented	zRndrDrawLine16Segmented	Inferred family spelling: retain behavior and subsystem words, remove unevidenced separator underscores.
zRndr_DrawTexturedFanTri	zRndrDrawTexturedFanTri	Inferred family spelling: retain behavior and subsystem words, remove unevidenced separator underscores.
zRndr_DrawTexturedQueued	zRndrDrawTexturedQueued	Inferred family spelling: retain behavior and subsystem words, remove unevidenced separator underscores.
zRndr_DrawTexturedQueuedAlpha	zRndrDrawTexturedQueuedAlpha	Inferred family spelling: retain behavior and subsystem words, remove unevidenced separator underscores.
zRndr_FillSpan16Opaque	zRndrFillSpan16Opaque	Inferred family spelling: retain behavior and subsystem words, remove unevidenced separator underscores.
zRndr_FillSpan555Solid	zRndrFillSpan555Solid	Inferred family spelling: retain behavior and subsystem words, remove unevidenced separator underscores.
zRndr_FillSpan565Solid	zRndrFillSpan565Solid	Inferred family spelling: retain behavior and subsystem words, remove unevidenced separator underscores.
zRndr_FlushOverwriteQueue	zRndrFlushOverwriteQueue	Inferred family spelling: retain behavior and subsystem words, remove unevidenced separator underscores.
zRndr_FlushTransparentQueue	zRndrFlushTransparentQueue	Inferred family spelling: retain behavior and subsystem words, remove unevidenced separator underscores.
zRndr_FogTargetColorStaged_SetRgb01Clamped	zRndrFogTargetColorStagedSetRgb01Clamped	Inferred family spelling: retain behavior and subsystem words, remove unevidenced separator underscores.
zRndr_LensFlare_BuildVisibleSampleListFromQueue	zRndrLensFlareBuildVisibleSampleListFromQueue	Inferred family spelling: retain behavior and subsystem words, remove unevidenced separator underscores.
zRndr_LensFlare_DrawQueuedSamples16_AndBuildVisibleList	zRndrLensFlareDrawQueuedSamples16AndBuildVisibleList	Inferred family spelling: retain behavior and subsystem words, remove unevidenced separator underscores.
zRndr_LensFlare_DrawSampleStageClipped	zRndrLensFlareDrawSampleStageClipped	Inferred family spelling: retain behavior and subsystem words, remove unevidenced separator underscores.
zRndr_LensFlare_DrawVisibleSample	zRndrLensFlareDrawVisibleSample	Inferred family spelling: retain behavior and subsystem words, remove unevidenced separator underscores.
zRndr_LensFlare_DrawVisibleSampleStages	zRndrLensFlareDrawVisibleSampleStages	Inferred family spelling: retain behavior and subsystem words, remove unevidenced separator underscores.
zRndr_LensFlare_DrawVisibleSamples	zRndrLensFlareDrawVisibleSamples	Inferred family spelling: retain behavior and subsystem words, remove unevidenced separator underscores.
zRndr_LensFlare_GetQueuedSampleCount	zRndrLensFlareGetQueuedSampleCount	Inferred family spelling: retain behavior and subsystem words, remove unevidenced separator underscores.
zRndr_LensFlare_QueueProjectedSample	zRndrLensFlareQueueProjectedSample	Inferred family spelling: retain behavior and subsystem words, remove unevidenced separator underscores.
zRndr_LensFlare_SetVisibleSampleStage	zRndrLensFlareSetVisibleSampleStage	Inferred family spelling: retain behavior and subsystem words, remove unevidenced separator underscores.
zRndr_OverlayRect_FlushSw	zRndrOverlayRectFlushSw	Inferred family spelling: retain behavior and subsystem words, remove unevidenced separator underscores.
zRndr_OverlayRect_Submit	zRndrOverlayRectSubmit	Inferred family spelling: retain behavior and subsystem words, remove unevidenced separator underscores.
zRndr_PlotPixel16	zRndrPlotPixel16	Inferred family spelling: retain behavior and subsystem words, remove unevidenced separator underscores.
zRndr_RasterizePoly	zRndrRasterizePoly	Inferred family spelling: retain behavior and subsystem words, remove unevidenced separator underscores.
zRndr_RasterizePolyWithSpanList	zRndrRasterizePolyWithSpanList	Inferred family spelling: retain behavior and subsystem words, remove unevidenced separator underscores.
zRndr_SetPaletteRemapKey	zRndrSetPaletteRemapKey	Inferred family spelling: retain behavior and subsystem words, remove unevidenced separator underscores.
zRndr_SetPaletteRemapKeyFromRgb01	zRndrSetPaletteRemapKeyFromRgb01	Inferred family spelling: retain behavior and subsystem words, remove unevidenced separator underscores.
zRndr_SetPaletteShadeRecipeIndex	zRndrSetPaletteShadeRecipeIndex	Inferred family spelling: retain behavior and subsystem words, remove unevidenced separator underscores.
zRndr_SpanOcclusion_BuildSpanList	zRndrSpanOcclusionBuildSpanList	Inferred family spelling: retain behavior and subsystem words, remove unevidenced separator underscores.
zRndr_SpanOcclusion_BuildSpanListFast	zRndrSpanOcclusionBuildSpanListFast	Inferred family spelling: retain behavior and subsystem words, remove unevidenced separator underscores.
zRndr_SpanOcclusion_FilterSampleList	zRndrSpanOcclusionFilterSampleList	Inferred family spelling: retain behavior and subsystem words, remove unevidenced separator underscores.
zRndr_SpanOcclusion_InsertSpanNode_NoDepthTest	zRndrSpanOcclusionInsertSpanNodeNoDepthTest	Inferred family spelling: retain behavior and subsystem words, remove unevidenced separator underscores.
zRndr_SpanOcclusion_TestColumnVisibility	zRndrSpanOcclusionTestColumnVisibility	Inferred family spelling: retain behavior and subsystem words, remove unevidenced separator underscores.
zRndr_SpanOcclusion_TestPointVisibility	zRndrSpanOcclusionTestPointVisibility	Inferred family spelling: retain behavior and subsystem words, remove unevidenced separator underscores.
zRndr_SpanOcclusion_TestSample	zRndrSpanOcclusionTestSample	Inferred family spelling: retain behavior and subsystem words, remove unevidenced separator underscores.
zRndr_SpanOcclusion_TestSpanDepthOrderPair	zRndrSpanOcclusionTestSpanDepthOrderPair	Inferred family spelling: retain behavior and subsystem words, remove unevidenced separator underscores.
zRndr_SubmitPolyWithSpanList	zRndrSubmitPolyWithSpanList	Inferred family spelling: retain behavior and subsystem words, remove unevidenced separator underscores.
zRndr_SubmitTexturedPolyPerVertexAlphaOrShade	zRndrSubmitTexturedPolyPerVertexAlphaOrShade	Inferred family spelling: retain behavior and subsystem words, remove unevidenced separator underscores.
zRndr_SubmitTexturedPolyUniformAlphaOrShade	zRndrSubmitTexturedPolyUniformAlphaOrShade	Inferred family spelling: retain behavior and subsystem words, remove unevidenced separator underscores.
zRndr_TextureMip_SelectVariantImage	zRndrTextureMipSelectVariantImage	Inferred family spelling: retain behavior and subsystem words, remove unevidenced separator underscores.
zSndBackend_InitA3D	zSndBackendInitA3D	Inferred family spelling: retain behavior and subsystem words, remove unevidenced separator underscores.
zSndBackend_InitDirectSound	zSndBackendInitDirectSound	Inferred family spelling: retain behavior and subsystem words, remove unevidenced separator underscores.
zSndFadeActiveList_TickAll	zSndFadeActiveListTickAll	Inferred family spelling: retain behavior and subsystem words, remove unevidenced separator underscores.
zSndGroup_LoadConfigBlock	zSndGroupLoadConfigBlock	Inferred family spelling: retain behavior and subsystem words, remove unevidenced separator underscores.
zSndGroup_LoadFromConfigNode	zSndGroupLoadFromConfigNode	Inferred family spelling: retain behavior and subsystem words, remove unevidenced separator underscores.
zSndGroup_QueuePendingLoadsFromConfigNode	zSndGroupQueuePendingLoadsFromConfigNode	Inferred family spelling: retain behavior and subsystem words, remove unevidenced separator underscores.
zSndPendingList_FindByName	zSndPendingListFindByName	Inferred family spelling: retain behavior and subsystem words, remove unevidenced separator underscores.
zSndPendingList_MatchNamePredicate	zSndPendingListMatchNamePredicate	Inferred family spelling: retain behavior and subsystem words, remove unevidenced separator underscores.
zSndPlayHandle_TryDisableManaged	zSndPlayHandleTryDisableManaged	Inferred family spelling: retain behavior and subsystem words, remove unevidenced separator underscores.
zSndPlayHandle_TryEnableManaged	zSndPlayHandleTryEnableManaged	Inferred family spelling: retain behavior and subsystem words, remove unevidenced separator underscores.
zSndSampleSetRegistry_DestroyAll	zSndSampleSetRegistryDestroyAll	Inferred family spelling: retain behavior and subsystem words, remove unevidenced separator underscores.
zSndSampleSetRegistry_FindByName	zSndSampleSetRegistryFindByName	Inferred family spelling: retain behavior and subsystem words, remove unevidenced separator underscores.
zSndSampleSetRegistry_GetByIndex	zSndSampleSetRegistryGetByIndex	Inferred family spelling: retain behavior and subsystem words, remove unevidenced separator underscores.
zSndSampleSetRegistry_GetCount	zSndSampleSetRegistryGetCount	Inferred family spelling: retain behavior and subsystem words, remove unevidenced separator underscores.
zSndSampleSet_DestroyByName	zSndSampleSetDestroyByName	Inferred family spelling: retain behavior and subsystem words, remove unevidenced separator underscores.
zSndSampleSet_InitByName	zSndSampleSetInitByName	Inferred family spelling: retain behavior and subsystem words, remove unevidenced separator underscores.
zSndSample_CreateQueuedStreamingSample	zSndSampleCreateQueuedStreamingSample	Inferred family spelling: retain behavior and subsystem words, remove unevidenced separator underscores.
zSndSample_PlaySimple	zSndSamplePlaySimple	Inferred family spelling: retain behavior and subsystem words, remove unevidenced separator underscores.
zSndStreamMgr_EnsureInit	zSndStreamMgrEnsureInit	Inferred family spelling: retain behavior and subsystem words, remove unevidenced separator underscores.
zSndStreamMgr_RecycleFinishedRequest	zSndStreamMgrRecycleFinishedRequest	Inferred family spelling: retain behavior and subsystem words, remove unevidenced separator underscores.
zSndStreamRequest_MatchGroupPredicate	zSndStreamRequestMatchGroupPredicate	Inferred family spelling: retain behavior and subsystem words, remove unevidenced separator underscores.
zSndStreamRequest_StopIfActive	zSndStreamRequestStopIfActive	Inferred family spelling: retain behavior and subsystem words, remove unevidenced separator underscores.
zSndSystem_Init	zSndSystemInit	Inferred family spelling: retain behavior and subsystem words, remove unevidenced separator underscores.
zSndSystem_InitLegacySetsSyntax	zSndSystemInitLegacySetsSyntax	Inferred family spelling: retain behavior and subsystem words, remove unevidenced separator underscores.
zSndSystem_InitNamedSetsSyntax	zSndSystemInitNamedSetsSyntax	Inferred family spelling: retain behavior and subsystem words, remove unevidenced separator underscores.
zSnd_GetSpeedOfSoundMps	zSndGetSpeedOfSoundMps	Inferred family spelling: retain behavior and subsystem words, remove unevidenced separator underscores.
zSnd_PreInitializeRuntimeState	zSndPreInitializeRuntimeState	Inferred family spelling: retain behavior and subsystem words, remove unevidenced separator underscores.
zSnd_Tick	zSndTick	Inferred family spelling: retain behavior and subsystem words, remove unevidenced separator underscores.
zSnd_UpdateListenerState	zSndUpdateListenerState	Inferred family spelling: retain behavior and subsystem words, remove unevidenced separator underscores.
zUtil_SaveGameStateList_AllocAppend	zUtilSaveGameStateListAllocAppend	Inferred family spelling: retain behavior and subsystem words, remove unevidenced separator underscores.
zUtil_SaveGameStateList_Init	zUtilSaveGameStateListInit	Inferred family spelling: retain behavior and subsystem words, remove unevidenced separator underscores.
zUtil_ZRDR_AddPath	zRdrAddPath	Inferred family spelling: retain behavior and subsystem words, remove unevidenced separator underscores.
zUtil_ZRDR_CreateSearchPathList	zRdrCreateSearchPathList	Inferred family spelling: retain behavior and subsystem words, remove unevidenced separator underscores.
zUtil_ZRDR_Exit	zRdrExit	Inferred family spelling: retain behavior and subsystem words, remove unevidenced separator underscores.
zUtil_ZRDR_FreeNode	zRdrFreeNode	Inferred family spelling: retain behavior and subsystem words, remove unevidenced separator underscores.
zUtil_ZRDR_FreeNodePool	zRdrFreeNodePool	Inferred family spelling: retain behavior and subsystem words, remove unevidenced separator underscores.
zUtil_ZRDR_FreePathList	zRdrFreePathList	Inferred family spelling: retain behavior and subsystem words, remove unevidenced separator underscores.
zUtil_ZRDR_FreeScratchSearchPathList	zRdrFreeScratchSearchPathList	Inferred family spelling: retain behavior and subsystem words, remove unevidenced separator underscores.
zUtil_ZRDR_FreeSearchPathList	zRdrFreeSearchPathList	Inferred family spelling: retain behavior and subsystem words, remove unevidenced separator underscores.
zUtil_ZRDR_GrowNodePool	zRdrGrowNodePool	Inferred family spelling: retain behavior and subsystem words, remove unevidenced separator underscores.
zUtil_ZRDR_InitWildcardPath	zRdrInitWildcardPath	Inferred family spelling: retain behavior and subsystem words, remove unevidenced separator underscores.
zUtil_ZRDR_NextWildcardPath	zRdrNextWildcardPath	Inferred family spelling: retain behavior and subsystem words, remove unevidenced separator underscores.
zUtil_ZRDR_OpenFileResolved	zRdrOpenFileResolved	Inferred family spelling: retain behavior and subsystem words, remove unevidenced separator underscores.
zUtil_ZRDR_ResolvePathInSearchPathList	zRdrResolvePathInSearchPathList	Inferred family spelling: retain behavior and subsystem words, remove unevidenced separator underscores.
zUtil_ZRDR_SearchPathContainsFilePredicate	zRdrSearchPathContainsFilePredicate	Inferred family spelling: retain behavior and subsystem words, remove unevidenced separator underscores.
zUtil_ZRDR_SetPath	zRdrSetPath	Inferred family spelling: retain behavior and subsystem words, remove unevidenced separator underscores.
zUtil_ZRDR_ShutdownWildcardPath	zRdrShutdownWildcardPath	Inferred family spelling: retain behavior and subsystem words, remove unevidenced separator underscores.
zUtil_ZRDR_StrCmpPredicate	zRdrStrCmpPredicate	Inferred family spelling: retain behavior and subsystem words, remove unevidenced separator underscores.
zUtil_ZRDR_Unmount	zRdrUnmount	Inferred family spelling: retain behavior and subsystem words, remove unevidenced separator underscores.
zVec3_Make	zVec3Make	Inferred family spelling: retain behavior and subsystem words, remove unevidenced separator underscores.
zVid_Image_SetPixels	zVidImageSetPixels	Inferred family spelling: retain behavior and subsystem words, remove unevidenced separator underscores.
zVid_PackColor00RRGGBB	zVidPackColor00RRGGBB	Inferred family spelling: retain behavior and subsystem words, remove unevidenced separator underscores.
zVid_PackColorRGB	zVidPackColorRGB	Inferred family spelling: retain behavior and subsystem words, remove unevidenced separator underscores.
zVid_PackColorRgbFloats	zVidPackColorRgbFloats	Inferred family spelling: retain behavior and subsystem words, remove unevidenced separator underscores.
zVid_PaletteRemap_BuildAllRecipeVariantsForPalette	zVidPaletteRemapBuildAllRecipeVariantsForPalette	Inferred family spelling: retain behavior and subsystem words, remove unevidenced separator underscores.
zVid_PaletteRemap_BuildPaletteVariant	zVidPaletteRemapBuildPaletteVariant	Inferred family spelling: retain behavior and subsystem words, remove unevidenced separator underscores.
zVid_PaletteRemap_FindRecipeIndexFromRgb	zVidPaletteRemapFindRecipeIndexFromRgb	Inferred family spelling: retain behavior and subsystem words, remove unevidenced separator underscores.
zVid_TexturePackEntry_LoadFromFile	zVidTexturePackEntryLoadFromFile	Inferred family spelling: retain behavior and subsystem words, remove unevidenced separator underscores.
zVid_TexturePack_EnsureBuiltinTexturePacksLoaded	zVidTexturePackEnsureBuiltinTexturePacksLoaded	Inferred family spelling: retain behavior and subsystem words, remove unevidenced separator underscores.
zVid_TexturePack_EnsureDefaultImagePackLoaded	zVidTexturePackEnsureDefaultImagePackLoaded	Inferred family spelling: retain behavior and subsystem words, remove unevidenced separator underscores.
zVid_TexturePack_LoadBuiltinImageByName	zVidTexturePackLoadBuiltinImageByName	Inferred family spelling: retain behavior and subsystem words, remove unevidenced separator underscores.
zVid_TexturePack_LoadImageByName	zVidTexturePackLoadImageByName	Inferred family spelling: retain behavior and subsystem words, remove unevidenced separator underscores.
zVideo_BlendFramebufferPixelAlpha8	zVideoBlendFramebufferPixelAlpha8	Inferred family spelling: retain behavior and subsystem words, remove unevidenced separator underscores.
zVideo_BlendPixel555Alpha8	zVideoBlendPixel555Alpha8	Inferred family spelling: retain behavior and subsystem words, remove unevidenced separator underscores.
zVideo_BlendPixel565Alpha8	zVideoBlendPixel565Alpha8	Inferred family spelling: retain behavior and subsystem words, remove unevidenced separator underscores.
zVideo_DotVec3	zVideoDotVec3	Inferred family spelling: retain behavior and subsystem words, remove unevidenced separator underscores.
zVideo_FrustumTestSphereClipMask	zVideoFrustumTestSphereClipMask	Inferred family spelling: retain behavior and subsystem words, remove unevidenced separator underscores.
zVideo_GetAlphaSkipThreshold	zVideoGetAlphaSkipThreshold	Inferred family spelling: retain behavior and subsystem words, remove unevidenced separator underscores.
zVideo_RestoreIconicFullscreenWindowIfNeeded	zVideoRestoreIconicFullscreenWindowIfNeeded	Inferred family spelling: retain behavior and subsystem words, remove unevidenced separator underscores.
zVideo_SetActiveViewContext	zVideoSetActiveViewContext	Inferred family spelling: retain behavior and subsystem words, remove unevidenced separator underscores.
zVideo_SetClearColorPacked16	zVideoSetClearColorPacked16	Inferred family spelling: retain behavior and subsystem words, remove unevidenced separator underscores.
zVideo_SetPendingFogTargetColorFromRgb01	zVideoSetPendingFogTargetColorFromRgb01	Inferred family spelling: retain behavior and subsystem words, remove unevidenced separator underscores.
zVideo_SubtractVec3	zVideoSubtractVec3	Inferred family spelling: retain behavior and subsystem words, remove unevidenced separator underscores.
zVideo_TestSpherePlane	zVideoTestSpherePlane	Inferred family spelling: retain behavior and subsystem words, remove unevidenced separator underscores.
zVideo_UpdateProjectionStateFromCameraData	zVideoUpdateProjectionStateFromCameraData	Inferred family spelling: retain behavior and subsystem words, remove unevidenced separator underscores.
zVideo_buff_CaptureSurfaceToImage	zVideobuffCaptureSurfaceToImage	Inferred family spelling: retain behavior and subsystem words, remove unevidenced separator underscores.
zVideo_sw_RenderFrame	zVideoswRenderFrame	Inferred family spelling: retain behavior and subsystem words, remove unevidenced separator underscores.
